SPF_environment_sensor,BIB_BRIEFCASE_29,00:06:66:73:2f:be,1493111631,[12],[4.0]
SPF_environment_sensor,BIB_BRIEFCASE_29,00:06:66:73:2f:be,1493111639,[12],[2.0]
SPF_environment_sensor,BIB_BRIEFCASE_29,00:06:66:73:2f:be,1493111646,[12],[2.0]
SPF_environment_sensor,BIB_BRIEFCASE_29,00:06:66:73:2f:be,1493111649,"[0, 1, 2, 3, 4, 5, 6]","[24.3861, 60.03241, 71.53518, 1.2114672E-4, 0.03125, 0.046875, -1.03125]"
SPF_environment_sensor,BIB_BRIEFCASE_29,00:06:66:73:2f:be,1493111652,[12],[32.0]
SPF_environment_sensor,BIB_BRIEFCASE_29,00:06:66:73:2f:be,1493111670,[12],[32.0]
SPF_environment_sensor,BIB_BRIEFCASE_29,00:06:66:73:2f:be,1493111679,"[0, 1, 2, 3, 4, 5, 6]","[24.482628, 57.796997, 74.657074, 8.8164416E-5, 0.015625, 0.046875, -1.015625]"
SPF_environment_sensor,BIB_BRIEFCASE_29,00:06:66:73:2f:be,1493111709,"[0, 1, 2, 3, 4, 5, 6]","[24.568428, 56.48474, 63.92538, 8.2340106E-5, 0.03125, 0.046875, -1.03125]"
SPF_environment_sensor,BIB_BRIEFCASE_29,00:06:66:73:2f:be,1493111739,"[0, 1, 2, 3, 4, 5, 6]","[24.643501, 55.408997, 77.883736, 7.911154E-5, 0.015625, 0.03125, -1.046875]"
