SPF_environment_sensor,BIB_BRIEFCASE_29,00:06:66:73:30:5b,1493111123,[11],[0.0]
SPF_environment_sensor,BIB_BRIEFCASE_29,00:06:66:73:30:5b,1493111131,[11],[1.0]
SPF_environment_sensor,BIB_BRIEFCASE_29,00:06:66:73:30:5b,1493111137,"[0, 1, 2, 3, 4, 5, 6]","[26.112839, 49.519104, 28.085964, 3.5682073E-4, -0.03125, -0.0, -1.0625]"
SPF_environment_sensor,BIB_BRIEFCASE_29,00:06:66:73:30:5b,1493111167,"[0, 1, 2, 3, 4, 5, 6]","[26.080666, 49.54962, 42.597675, 3.5835622E-4, 0.015625, -0.0, -0.9375]"
SPF_environment_sensor,BIB_BRIEFCASE_29,00:06:66:73:30:5b,1493111197,"[0, 1, 2, 3, 4, 5, 6]","[26.048492, 49.511475, 40.091938, 3.6006875E-4, 0.015625, -0.0, -0.9375]"
SPF_environment_sensor,BIB_BRIEFCASE_29,00:06:66:73:30:5b,1493111218,[11],[0.0]
SPF_environment_sensor,BIB_BRIEFCASE_29,00:06:66:73:30:5b,1493111219,[11],[1.0]
SPF_environment_sensor,BIB_BRIEFCASE_29,00:06:66:73:30:5b,1493111227,"[0, 1, 2, 3, 4, 5, 6]","[26.037766, 49.31311, 12.965913, 3.5921257E-4, 0.03125, -0.0, -0.96875]"
