SPF_environment_sensor,BIB_BRIEFCASE_29,00:06:66:73:30:5b,1493110999,[11],[1.0]
SPF_environment_sensor,BIB_BRIEFCASE_29,00:06:66:73:30:5b,1493111017,"[0, 1, 2, 3, 4, 5, 6]","[26.18792, 50.358337, 36.98001, 3.6349255E-4, 0.015625, -0.0, -0.9375]"
SPF_environment_sensor,BIB_BRIEFCASE_29,00:06:66:73:30:5b,1493111026,[11],[0.0]
SPF_environment_sensor,BIB_BRIEFCASE_29,00:06:66:73:30:5b,1493111038,[11],[1.0]
SPF_environment_sensor,BIB_BRIEFCASE_29,00:06:66:73:30:5b,1493111047,"[0, 1, 2, 3, 4, 5, 6]","[26.166466, 49.83191, 16.486315, 3.658849E-4, -0.0, -0.0, -0.96875]"
SPF_environment_sensor,BIB_BRIEFCASE_29,00:06:66:73:30:5b,1493111052,[11],[0.0]
SPF_environment_sensor,BIB_BRIEFCASE_29,00:06:66:73:30:5b,1493111077,"[0, 1, 2, 3, 4, 5, 6]","[26.14502, 49.755615, 0.0, 3.6674095E-4, 0.015625, -0.015625, -0.953125]"
SPF_environment_sensor,BIB_BRIEFCASE_29,00:06:66:73:30:5b,1493111097,[11],[1.0]
SPF_environment_sensor,BIB_BRIEFCASE_29,00:06:66:73:30:5b,1493111107,"[0, 1, 2, 3, 4, 5, 6]","[26.112839, 49.381775, 16.741306, 3.5853224E-4, 0.015625, -0.0, -0.984375]"
