SPF_environment_sensor,BIB_BRIEFCASE_29,00:06:66:73:30:5f,1493111790,[11],[0.0]
SPF_environment_sensor,BIB_BRIEFCASE_29,00:06:66:73:30:5f,1493111813,[11],[1.0]
SPF_environment_sensor,BIB_BRIEFCASE_29,00:06:66:73:30:5f,1493111814,"[0, 1, 2, 3, 4, 5, 6]","[24.0, 56.26349, 0.90479404, 1.5370527E-4, 0.015625, 0.015625, -1.015625]"
SPF_environment_sensor,BIB_BRIEFCASE_29,00:06:66:73:30:5f,1493111844,"[0, 1, 2, 3, 4, 5, 6]","[24.0429, 56.3703, 22.63434, 1.5370527E-4, 0.015625, 0.015625, -1.0]"
SPF_environment_sensor,BIB_BRIEFCASE_29,00:06:66:73:30:5f,1493111874,"[0, 1, 2, 3, 4, 5, 6]","[24.064346, 56.3703, 8.483002, 1.5370527E-4, 0.015625, 0.015625, -1.0]"
SPF_environment_sensor,BIB_BRIEFCASE_29,00:06:66:73:30:5f,1493111879,[11],[0.0]
SPF_environment_sensor,BIB_BRIEFCASE_29,00:06:66:73:30:5f,1493111885,[11],[1.0]
SPF_environment_sensor,BIB_BRIEFCASE_29,00:06:66:73:30:5f,1493111904,"[0, 1, 2, 3, 4, 5, 6]","[24.117973, 56.454224, 8.739985, 1.5284368E-4, 0.015625, 0.015625, -1.015625]"
