SPF_environment_sensor,BIB_BRIEFCASE_29,00:06:66:73:32:c9,1493111367,[12],[32.0]
SPF_environment_sensor,BIB_BRIEFCASE_29,00:06:66:73:32:c9,1493111392,"[0, 1, 2, 3, 4, 5, 6]","[23.259964, 59.597534, 69.286224, 2.5213012E-4, 0.046875, 0.015625, -0.9375]"
SPF_environment_sensor,BIB_BRIEFCASE_29,00:06:66:73:32:c9,1493111422,"[0, 1, 2, 3, 4, 5, 6]","[23.281418, 59.353394, 72.79854, 2.4973936E-4, 0.046875, 0.015625, -0.96875]"
SPF_environment_sensor,BIB_BRIEFCASE_29,00:06:66:73:32:c9,1493111441,[12],[32.0]
SPF_environment_sensor,BIB_BRIEFCASE_29,00:06:66:73:32:c9,1493111452,"[0, 1, 2, 3, 4, 5, 6]","[23.335045, 59.42206, 57.788486, 2.6186465E-4, 0.046875, 0.015625, -0.9375]"
SPF_environment_sensor,BIB_BRIEFCASE_29,00:06:66:73:32:c9,1493111469,[12],[32.0]
SPF_environment_sensor,BIB_BRIEFCASE_29,00:06:66:73:32:c9,1493111482,"[0, 1, 2, 3, 4, 5, 6]","[23.367218, 59.223694, 77.46036, 2.5794638E-4, 0.046875, 0.015625, -0.953125]"
