SPF_environment_sensor,BIB_BRIEFCASE_29,00:06:66:73:2e:0f,1493111413,[12],[32.0]
SPF_environment_sensor,BIB_BRIEFCASE_29,00:06:66:73:2e:0f,1493111438,"[0, 1, 2, 3, 4, 5, 6]","[23.292137, 59.956116, 64.48043, 1.780411E-4, 0.015625, -0.0, -1.015625]"
SPF_environment_sensor,BIB_BRIEFCASE_29,00:06:66:73:2e:0f,1493111468,"[0, 1, 2, 3, 4, 5, 6]","[23.324318, 59.811157, 78.04261, 1.0861591E-4, 0.015625, 0.015625, -1.0]"
SPF_environment_sensor,BIB_BRIEFCASE_29,00:06:66:73:2e:0f,1493111498,"[0, 1, 2, 3, 4, 5, 6]","[23.367218, 60.03241, 84.86098, 1.9463453E-4, -0.0, -0.0, -1.0]"
SPF_environment_sensor,BIB_BRIEFCASE_29,00:06:66:73:2e:0f,1493111528,"[0, 1, 2, 3, 4, 5, 6]","[23.420845, 59.849304, 72.64946, 2.0455194E-4, 0.015625, 0.015625, -1.015625]"
